Nephila,a,b
W1,1056.81,140.1225
W2,510.45,140.1225
W4,1942.29,2251.7725
W10,1914.03,293.78625
W12,1579.81,143.2625
W13,0,1369.4325
W15,2118.32,1016.575
W16,1186.33,1195.1625
W25,1383.96,1035.415
W26,2597.76,880.77
W27,1044.05,542.63125
Y1,1562.54,1692.65625
Y3,509.66,1344.90125
Y9,3513.07,416.4425
Y11,765.57,0
Y14,1854.56,842.50125
Y16,0,931.01
Y20,1256.39,1009.70625
Y25,1369.43,538.51
Y27,1639.47,496.5125
